,vmx1,null,1102,vmx1.1102,10.11.2.2,24,202,10.11.2.1,1,1,carp,carp-password
,vmx1,null,1103,vmx1.1103,10.11.3.2,24,203,10.11.3.1,1,1,carp,carp-password
,vmx1,null,1104,vmx1.1104,10.11.4.2,24,204,10.11.4.1,1,1,carp,carp-password
,vmx1,null,1105,vmx1.1105,10.11.5.2,24,205,10.11.5.1,1,1,carp,carp-password
,vmx1,null,1106,vmx1.1106,10.11.6.2,24,206,10.11.6.1,1,1,carp,carp-password
,vmx1,null,1107,vmx1.1107,10.11.7.2,24,207,10.11.7.1,1,1,carp,carp-password
,vmx1,null,1108,vmx1.1108,10.11.8.2,24,208,10.11.8.1,1,1,carp,carp-password
,vmx1,null,1109,vmx1.1109,10.11.9.2,24,209,10.11.9.1,1,1,carp,carp-password
,vmx1,null,1110,vmx1.1110,10.11.10.2,24,210,10.11.10.1,1,1,carp,carp-password
,vmx1,null,1111,vmx1.1111,10.11.11.2,24,211,10.11.11.1,1,1,carp,carp-password
,vmx1,null,1112,vmx1.1112,10.11.12.2,24,212,10.11.12.1,1,1,carp,carp-password
,vmx1,null,1113,vmx1.1113,10.11.13.2,24,213,10.11.13.1,1,1,carp,carp-password
